{
	"github":                   { "message": "انشعاب Wappalyzer در گیت هاب!" },
	"twitter":                  { "message": "دنبال کردن Wappalyzer در توییتر!" },
	"website":                  { "message": "برو به wappalyzer.com" },
	"options":                  { "message": "تنظیمات" },
	"optionsSave":              { "message": "ذخیره تنظیمات" },
	"optionsSaved":             { "message": "ذخیره" },
	"optionUpgradeMessage":     { "message": "درباره ارتقاء به من بگویید" },
	"optionDynamicIcon":        { "message": "از آیکون برنامه به جای آرم Wappalyzer استفاده کنید" },
	"optionTracking":           { "message": "ارسال گزارش های ناشناس مربوط به برنامه های شناسایی به wappalyzer.com برای تحقیق آن" },
	"nothingToDo":              { "message": "چنین چیزی موجود نمی باشد." },
	"noAppsDetected":           { "message": "هیچ برنامه کاربردی شناسایی نشده است." },
	"categoryName1":            { "message": "سیستم مدیریت محتوا" },
	"categoryName2":            { "message": "پیام انجمن" },
	"categoryName3":            { "message": "مدیر پایگاه داده" },
	"categoryName4":            { "message": "ابزار مستند سازی" },
	"categoryName5":            { "message": "ابزارک" },
	"categoryName6":            { "message": "تجارت الکترونیک" },
	"categoryName7":            { "message": "گالری عکس" },
	"categoryName8":            { "message": "ویکی ها" },
	"categoryName9":            { "message": "مدیریت هاستینگ" },
	"categoryName10":           { "message": "تجزیه و تحلیل" },
	"categoryName11":           { "message": "وبلاگ" },
	"categoryName12":           { "message": "فریم ورک جاوااسکریپت" },
	"categoryName13":           { "message": "ردیابی" },
	"categoryName14":           { "message": "پخش ویدیو" },
	"categoryName15":           { "message": "سیستم نظر سنجی" },
	"categoryName16":           { "message": "Captcha" },
	"categoryName17":           { "message": "فونت اسکریپت" },
	"categoryName18":           { "message": "فریم ورک وب" },
	"categoryName19":           { "message": "متفرقه" },
	"categoryName20":           { "message": "ویرایشگر" },
	"categoryName21":           { "message": "LMS" },
	"categoryName22":           { "message": "وب سرور" },
	"categoryName23":           { "message": "ابزار کش" },
	"categoryName24":           { "message": "ویرایشگر متن توانمند" },
	"categoryName25":           { "message": "جاوااسکریپت گرافیک" },
	"categoryName26":           { "message": "فریم ورک موبایل" },
	"categoryName27":           { "message": "زبان برنامه نویسی" },
	"categoryName28":           { "message": "سیستم عامل" },
	"categoryName29":           { "message": "موتور جستجو" },
	"categoryName30":           { "message": "وب میل" },
	"categoryName31":           { "message": "CDN" },
	"categoryName32":           { "message": "اتوماسیون بازاریابی" },
	"categoryName33":           { "message": "امتداد وب سرور" },
	"categoryName34":           { "message": "پایگاه داده" },
	"categoryName35":           { "message": "نقشه" },
	"categoryName36":           { "message": "شبکه تبلیغاتی" },
	"categoryName37":           { "message": "شبکه خدمات" },
	"categoryName38":           { "message": "سرور رسانه" },
	"categoryName39":           { "message": "وبکم" },
	"categoryName40":           { "message": "چاپگر" },
	"categoryName41":           { "message": "پردازنده پرداخت" },
	"categoryName42":           { "message": "مدیریت برچسب" },
	"categoryName43":           { "message": "Paywall" },
	"categoryName44":           { "message": "ساخت سیستم / CI" },
	"categoryName45":           { "message": "سیستم SCADA" },
	"categoryName46":           { "message": "دسترسی از راه دور" },
	"categoryName47":           { "message": "ابزار توسعه" },
	"categoryName48":           { "message": "ذخیره سازی شبکه" },
	"categoryName49":           { "message": "خوانندگان فید" },
	"categoryName50":           { "message": "سیستم های مدیریت اسناد" },
	"categoryName51":           { "message": "صفحه فرود ساز" },
	"categoryName52":           { "message": "چت زنده" },
	"categoryName53":           { "message": "ارتباط با مشتری CRM" },
  "categoryName54":           { "message": "سءو" },
	"categoryName55":           { "message": "حسابداری" }
}
